{
  "b": [
    -0.47231629438099537,
    -0.21685675128047208,
    -0.06575444756258494,
    0.017236564265470142,
    0.13483480440674617,
    -0.5
  ],
  "gamma_H": [
    0.0,
    -0.05,
    0.05,
    0.0
  ],
  "gamma_A": [
    0.0,
    0.05,
    -0.05,
    0.0
  ],
  "gamma_H_raw": [
    -0.05,
    0.05
  ],
  "gamma_A_raw": [
    0.05,
    -0.05
  ],
  "delta_H": [
    0.22254762420632823,
    0.27943912174704466,
    -0.5387838423036895,
    -1.0
  ],
  "delta_A": [
    -1.0,
    -0.6351194435247846,
    0.03472322966975343,
    0.0038611505821957125
  ],
  "final_loss": 84698.93388843226
}