{
  "xG_per_90": 1.294,
  "xGA_per_90": -0.008000000000000024,
  "shots_per_90": 12.2,
  "shots_on_target_per_90": 4.2,
  "shots_insidebox_ratio": 0.6473376623376623,
  "possession_avg": 49.6,
  "pass_accuracy": 0.8080909021329323,
  "corners_per_90": 4.8,
  "fouls_per_90": 12.0,
  "saves_per_90": 2.8,
  "fw_avg_rating": 6.8999999999999995,
  "fw_goals_p90": 27.323493964435304,
  "fw_key_passes_p90": 92.41476140450322,
  "mf_avg_rating": 6.896781592187038,
  "mf_key_passes_p90": 165.58396122362706,
  "mf_pass_accuracy": 0.0,
  "df_avg_rating": 6.87987987987988,
  "df_tackles_p90": 231.06016999749474,
  "df_interceptions_p90": 179.92978068650143,
  "gk_save_rate": 0.6896551724137931,
  "team_avg_rating": 6.89609756097561,
  "pinnacle_home_prob": 0.0,
  "pinnacle_draw_prob": 0.0,
  "pinnacle_away_prob": 0.0,
  "market_avg_home_prob": 0.0,
  "market_avg_draw_prob": 0.0,
  "market_avg_away_prob": 0.0,
  "bookmaker_odds_std": 0.0,
  "n_bookmakers": 0.0,
  "is_home": 1.0,
  "rest_days": 7.0,
  "opp_rest_days": 7.0,
  "h2h_goal_diff": 0.0
}