{
  "b": [
    -0.46942560771841035,
    -0.2202076626778922,
    -0.07236632597017086,
    -0.00856006788671161,
    0.10432937744159725,
    -0.5
  ],
  "gamma_H": [
    0.0,
    0.0,
    0.0,
    0.0
  ],
  "gamma_A": [
    0.0,
    0.0,
    0.0,
    0.0
  ],
  "gamma_H_raw": [
    0.0,
    0.0
  ],
  "gamma_A_raw": [
    0.0,
    0.0
  ],
  "delta_H": [
    0.07737755499491167,
    0.17139968005691616,
    -0.541661676061257,
    -1.0
  ],
  "delta_A": [
    -1.0,
    -0.5207896533608021,
    0.05091026267637566,
    -0.02107831586387639
  ],
  "final_loss": 85348.53965874045
}