{
  "b": [
    -0.48605186958098145,
    -0.23382019473388152,
    -0.07265055852087943,
    -0.0004501824917784018,
    0.1218359386845122,
    -0.5
  ],
  "gamma_H": [
    0.0,
    -0.05,
    0.05,
    0.0
  ],
  "gamma_A": [
    0.0,
    0.05,
    -0.05,
    0.0
  ],
  "gamma_H_raw": [
    -0.05,
    0.05
  ],
  "gamma_A_raw": [
    0.05,
    -0.05
  ],
  "delta_H": [
    0.221939423735716,
    0.26886065047828045,
    -0.5359246513686295,
    -1.0
  ],
  "delta_A": [
    -1.0,
    -0.6262959624195776,
    0.030684766546123687,
    -0.009416079784153071
  ],
  "final_loss": 84694.50713750422
}