{
  "b": [
    -0.5,
    -0.5,
    -0.5,
    -0.5,
    -0.5,
    -0.5
  ],
  "gamma_H": [
    0.0,
    0.0,
    0.0,
    0.0
  ],
  "gamma_A": [
    0.0,
    0.0,
    0.0,
    0.0
  ],
  "gamma_H_raw": [
    0.0,
    0.0
  ],
  "gamma_A_raw": [
    0.0,
    0.0
  ],
  "delta_H": [
    1.0,
    0.8663785123666211,
    -0.9611980696378709,
    -1.0
  ],
  "delta_A": [
    -1.0,
    -1.0,
    0.6753215276435953,
    1.0
  ],
  "final_loss": 100904.46253342366
}