{
  "b": [
    -0.48529140065599874,
    -0.22899418711533515,
    -0.0696005916680056,
    -0.00040156029509861506,
    0.11660190949063984,
    -0.5
  ],
  "gamma_H": [
    0.0,
    0.0,
    0.0,
    0.0
  ],
  "gamma_A": [
    0.0,
    0.0,
    0.0,
    0.0
  ],
  "gamma_H_raw": [
    0.0,
    0.0
  ],
  "gamma_A_raw": [
    0.0,
    0.0
  ],
  "delta_H": [
    0.22402169594803734,
    0.2640525850201722,
    -0.5303920441115751,
    -1.0
  ],
  "delta_A": [
    -1.0,
    -0.6205359609827299,
    0.031797041006398644,
    -0.009795063636007455
  ],
  "final_loss": 84707.55237233048
}