{
  "b": [
    -0.48401654921965725,
    -0.2272308762330905,
    -0.06636466381525531,
    0.002717874241858964,
    0.11892718733093822,
    -0.5
  ],
  "gamma_H": [
    0.0,
    0.0,
    0.0,
    0.0
  ],
  "gamma_A": [
    0.0,
    0.0,
    0.0,
    0.0
  ],
  "gamma_H_raw": [
    0.0,
    0.0
  ],
  "gamma_A_raw": [
    0.0,
    0.0
  ],
  "delta_H": [
    0.23019708266042224,
    0.27382827124870057,
    -0.5338800371111325,
    -1.0
  ],
  "delta_A": [
    -1.0,
    -0.624280379718754,
    0.03604418964542176,
    0.015598448178696043
  ],
  "final_loss": 84691.67827577553
}