{
  "timestamp": "2026-03-07T18:46:25.207455",
  "total_matches": 7643,
  "seasons": [
    "2020-2021",
    "2021-2022",
    "2022-2023",
    "2023-2024",
    "2024-2025",
    "2025-2026"
  ],
  "overall_pass": true,
  "calibration_pass": true,
  "delta_bs_pass": "True",
  "gamma_signs_pass": true,
  "max_drawdown_pass": true,
  "all_folds_positive": true,
  "num_folds": 3,
  "params": {
    "b": [
      -0.48605186958098145,
      -0.23382019473388152,
      -0.07265055852087943,
      -0.0004501824917784018,
      0.1218359386845122,
      -0.5
    ],
    "gamma_H": [
      0.0,
      -0.05,
      0.05,
      0.0
    ],
    "gamma_A": [
      0.0,
      0.05,
      -0.05,
      0.0
    ],
    "gamma_H_raw": [
      -0.05,
      0.05
    ],
    "gamma_A_raw": [
      0.05,
      -0.05
    ],
    "delta_H": [
      0.221939423735716,
      0.26886065047828045,
      -0.5359246513686295,
      -1.0
    ],
    "delta_A": [
      -1.0,
      -0.6262959624195776,
      0.030684766546123687,
      -0.009416079784153071
    ],
    "final_loss": 84694.50713750422
  },
  "folds": [
    {
      "train": [
        "2020-2021",
        "2021-2022",
        "2022-2023"
      ],
      "val": [
        "2023-2024"
      ],
      "bs_model": 0.22791712430452804,
      "delta_bs": -0.018650783025076584,
      "cal_max_dev": 0.183644844942836,
      "pnl": {
        "total_pnl": 1368780.775632171,
        "total_trades": 1019,
        "final_bankroll": 1378780.7756321712,
        "return_pct": 13687.807756321712,
        "max_drawdown_pct": 33.565682518081864
      }
    },
    {
      "train": [
        "2021-2022",
        "2022-2023",
        "2023-2024"
      ],
      "val": [
        "2024-2025"
      ],
      "bs_model": 0.21823587362689456,
      "delta_bs": -0.02532597509651749,
      "cal_max_dev": 0.23299330811993113,
      "pnl": {
        "total_pnl": 12844393.72017517,
        "total_trades": 1034,
        "final_bankroll": 12854393.72017517,
        "return_pct": 128443.93720175169,
        "max_drawdown_pct": 17.433376294513216
      }
    },
    {
      "train": [
        "2022-2023",
        "2023-2024",
        "2024-2025"
      ],
      "val": [
        "2025-2026"
      ],
      "bs_model": 0.23299177754055705,
      "delta_bs": -0.013959538422377654,
      "cal_max_dev": 0.24055519777584466,
      "pnl": {
        "total_pnl": 284627.6210325848,
        "total_trades": 1147,
        "final_bankroll": 294627.6210325848,
        "return_pct": 2846.276210325848,
        "max_drawdown_pct": 44.21843121207711
      }
    }
  ]
}