{
  "timestamp": "2026-03-07T18:42:34.746297",
  "total_matches": 7643,
  "seasons": [
    "2020-2021",
    "2021-2022",
    "2022-2023",
    "2023-2024",
    "2024-2025",
    "2025-2026"
  ],
  "overall_pass": true,
  "calibration_pass": true,
  "delta_bs_pass": "True",
  "gamma_signs_pass": true,
  "max_drawdown_pass": true,
  "all_folds_positive": true,
  "num_folds": 3,
  "params": {
    "b": [
      -0.47231629438099537,
      -0.21685675128047208,
      -0.06575444756258494,
      0.017236564265470142,
      0.13483480440674617,
      -0.5
    ],
    "gamma_H": [
      0.0,
      -0.05,
      0.05,
      0.0
    ],
    "gamma_A": [
      0.0,
      0.05,
      -0.05,
      0.0
    ],
    "gamma_H_raw": [
      -0.05,
      0.05
    ],
    "gamma_A_raw": [
      0.05,
      -0.05
    ],
    "delta_H": [
      0.22254762420632823,
      0.27943912174704466,
      -0.5387838423036895,
      -1.0
    ],
    "delta_A": [
      -1.0,
      -0.6351194435247846,
      0.03472322966975343,
      0.0038611505821957125
    ],
    "final_loss": 84698.93388843226
  },
  "folds": [
    {
      "train": [
        "2020-2021",
        "2021-2022",
        "2022-2023"
      ],
      "val": [
        "2023-2024"
      ],
      "bs_model": 0.22774101232501184,
      "delta_bs": -0.01882689500459278,
      "cal_max_dev": 0.17841436421879914,
      "pnl": {
        "total_pnl": 1507382.8994229033,
        "total_trades": 1018,
        "final_bankroll": 1517382.8994229038,
        "return_pct": 15073.828994229038,
        "max_drawdown_pct": 33.276861320644144
      }
    },
    {
      "train": [
        "2021-2022",
        "2022-2023",
        "2023-2024"
      ],
      "val": [
        "2024-2025"
      ],
      "bs_model": 0.21823587362689456,
      "delta_bs": -0.02532597509651749,
      "cal_max_dev": 0.23299330811993113,
      "pnl": {
        "total_pnl": 12844393.72017517,
        "total_trades": 1034,
        "final_bankroll": 12854393.72017517,
        "return_pct": 128443.93720175169,
        "max_drawdown_pct": 17.433376294513216
      }
    },
    {
      "train": [
        "2022-2023",
        "2023-2024",
        "2024-2025"
      ],
      "val": [
        "2025-2026"
      ],
      "bs_model": 0.23299177754055705,
      "delta_bs": -0.013959538422377654,
      "cal_max_dev": 0.24055519777584466,
      "pnl": {
        "total_pnl": 284627.6210325848,
        "total_trades": 1147,
        "final_bankroll": 294627.6210325848,
        "return_pct": 2846.276210325848,
        "max_drawdown_pct": 44.21843121207711
      }
    }
  ]
}