{
  "timestamp": "2026-03-07T03:50:46.380038",
  "total_matches": 7643,
  "seasons": [
    "2020-2021",
    "2021-2022",
    "2022-2023",
    "2023-2024",
    "2024-2025",
    "2025-2026"
  ],
  "overall_pass": false,
  "calibration_pass": false,
  "delta_bs_pass": "False",
  "gamma_signs_pass": true,
  "max_drawdown_pass": "False",
  "all_folds_positive": false,
  "num_folds": 3,
  "params": {
    "b": [
      -0.46942560771841035,
      -0.2202076626778922,
      -0.07236632597017086,
      -0.00856006788671161,
      0.10432937744159725,
      -0.5
    ],
    "gamma_H": [
      0.0,
      0.0,
      0.0,
      0.0
    ],
    "gamma_A": [
      0.0,
      0.0,
      0.0,
      0.0
    ],
    "gamma_H_raw": [
      0.0,
      0.0
    ],
    "gamma_A_raw": [
      0.0,
      0.0
    ],
    "delta_H": [
      0.07737755499491167,
      0.17139968005691616,
      -0.541661676061257,
      -1.0
    ],
    "delta_A": [
      -1.0,
      -0.5207896533608021,
      0.05091026267637566,
      -0.02107831586387639
    ],
    "final_loss": 85348.53965874045
  },
  "folds": [
    {
      "train": [
        "2020-2021",
        "2021-2022",
        "2022-2023"
      ],
      "val": [
        "2023-2024"
      ],
      "bs_model": 0.2634547920281367,
      "delta_bs": 0.014418406274950724,
      "cal_max_dev": 0.12068928344823254,
      "pnl": {
        "total_pnl": -9781.810635098047,
        "total_trades": 1140,
        "final_bankroll": 218.18936490197228,
        "return_pct": -97.81810635098027,
        "max_drawdown_pct": 98.28372051637474
      }
    },
    {
      "train": [
        "2021-2022",
        "2022-2023",
        "2023-2024"
      ],
      "val": [
        "2024-2025"
      ],
      "bs_model": 0.26143981641443326,
      "delta_bs": 0.011433062199461108,
      "cal_max_dev": 0.10756326708846647,
      "pnl": {
        "total_pnl": -8801.121672385787,
        "total_trades": 1140,
        "final_bankroll": 1198.8783276142065,
        "return_pct": -88.01121672385794,
        "max_drawdown_pct": 93.76411359304083
      }
    },
    {
      "train": [
        "2022-2023",
        "2023-2024",
        "2024-2025"
      ],
      "val": [
        "2025-2026"
      ],
      "bs_model": 0.2651490958672027,
      "delta_bs": 0.01583974674082894,
      "cal_max_dev": 0.12593394558335863,
      "pnl": {
        "total_pnl": -9730.128917355563,
        "total_trades": 1257,
        "final_bankroll": 269.87108264442486,
        "return_pct": -97.30128917355574,
        "max_drawdown_pct": 98.22679862141763
      }
    }
  ]
}