{
  "0-15": {
    "home_win": 0.24919468846693463,
    "draw": 0.05997476284694713,
    "away_win": 0.20846385241892476,
    "over_15": 0.0434329379012437,
    "over_25": 0.20218763412107377,
    "over_35": 0.2951087490847547,
    "over_45": 0.29554356986452635,
    "over_55": 0.2381245928743948,
    "btts_yes": 0.29457160060186494
  },
  "15-30": {
    "home_win": 0.17023500600487593,
    "draw": 0.07865229732524563,
    "away_win": 0.1921299317605926,
    "over_15": 0.12183735025857469,
    "over_25": 0.25958482932484245,
    "over_35": 0.32096331818917023,
    "over_45": 0.2705342686106923,
    "over_55": 0.15248105222096262,
    "btts_yes": 0.2925408967524581
  },
  "30-45": {
    "home_win": 0.2403946428232303,
    "draw": 0.11581646643154148,
    "away_win": 0.20004640987638886,
    "over_15": 0.07947124962891777,
    "over_25": 0.16960062641829357,
    "over_35": 0.12104233160134094,
    "over_45": 0.12522830369980206,
    "over_55": 0.15123116480527415,
    "btts_yes": 0.17729446364684345
  },
  "45-60": {
    "home_win": 0.16597380042399218,
    "draw": 0.11982719483809451,
    "away_win": 0.14670591319832077,
    "over_15": 0.16625048250014013,
    "over_25": 0.22559331590582196,
    "over_35": 0.16579199162905212,
    "over_45": 0.09196141089615921,
    "over_55": 0.06534040664311584,
    "btts_yes": 0.24365867899819202
  },
  "60-75": {
    "home_win": 0.10130207436671093,
    "draw": 0.09992247434925261,
    "away_win": 0.05322351049878229,
    "over_15": 0.012739470927272727,
    "over_25": 0.09092866306933117,
    "over_35": 0.10119646406807155,
    "over_45": 0.07043408630096526,
    "over_55": 0.055794531708924816,
    "btts_yes": 0.09058712964545454
  },
  "75-120": {
    "home_win": 0.1069999265995597,
    "draw": 0.1021471539225757,
    "away_win": 0.0549208772528486,
    "over_15": 0.12665702914529237,
    "over_25": 0.16652711979237825,
    "over_35": 0.11941154955462123,
    "over_45": 0.08041911616502885,
    "over_55": 0.049544696365556355,
    "btts_yes": 0.11969513389390171
  }
}