{
  "0-15": {
    "home_win": 0.2298961098578399,
    "draw": 0.19143905548365947,
    "away_win": 0.22706692085733163,
    "over_15": 0.16645278479745873,
    "over_25": 0.3032170221437357,
    "over_35": 0.2710203320061499,
    "over_45": 0.18392702099603558,
    "over_55": 0.09422362806917409,
    "btts_yes": 0.31484849986739516
  },
  "15-30": {
    "home_win": 0.21221935714046722,
    "draw": 0.19027242637643807,
    "away_win": 0.20750540447666416,
    "over_15": 0.15346652655151974,
    "over_25": 0.268841547933685,
    "over_35": 0.23621231597829692,
    "over_45": 0.15752747684039187,
    "over_55": 0.08311378184692288,
    "btts_yes": 0.28793976006335087
  },
  "30-45": {
    "home_win": 0.18973937928256046,
    "draw": 0.18589716548316532,
    "away_win": 0.187669227443246,
    "over_15": 0.13432515465675401,
    "over_25": 0.22161751850892136,
    "over_35": 0.1906710743734375,
    "over_45": 0.12637736615745968,
    "over_55": 0.07174579419112904,
    "btts_yes": 0.2507466317228327
  },
  "45-60": {
    "home_win": 0.16740916177404996,
    "draw": 0.17832556395045138,
    "away_win": 0.16359738965681292,
    "over_15": 0.10862826913625864,
    "over_25": 0.17424169666029812,
    "over_35": 0.1462930303622087,
    "over_45": 0.09109708602884736,
    "over_55": 0.06011820255406257,
    "btts_yes": 0.20513835364799493
  },
  "60-75": {
    "home_win": 0.1239452261581302,
    "draw": 0.15325801054073887,
    "away_win": 0.12292196394893189,
    "over_15": 0.07717412421286755,
    "over_25": 0.12346111402794671,
    "over_35": 0.09867625999889419,
    "over_45": 0.06768962083322443,
    "over_55": 0.04747442563995979,
    "btts_yes": 0.14032141463513448
  },
  "75-120": {
    "home_win": 0.08430865571285782,
    "draw": 0.11231349213974658,
    "away_win": 0.07935263575640544,
    "over_15": 0.04704121853209762,
    "over_25": 0.06363374439436885,
    "over_35": 0.06857800892224307,
    "over_45": 0.04618110152210231,
    "over_55": 0.03330034283998123,
    "btts_yes": 0.08604269522613797
  }
}